ID,RoomNo,startTime,endTime,Day,slotID,CourseType,Session
0,7A03,8:00:00,8:50:00,Saturday,Sat8.00.7A03,Theory,1
1,7A03,8:00:00,8:50:00,Sunday,Sun8.00.7A03,Theory,1
2,7A03,8:00:00,8:50:00,Monday,Mon8.00.7A03,Theory,1
3,7A03,8:00:00,8:50:00,Tuesday,Tue8.00.7A03,Theory,1
4,7A03,8:00:00,8:50:00,Wednesday,Wed8.00.7A03,Theory,1
5,7A03,8:00:00,8:50:00,Thursday,Thu8.00.7A03,Theory,1
6,7A03,8:50:00,9:40:00,Saturday,Sat8.50.7A03,Theory,1
7,7A03,8:50:00,9:40:00,Sunday,Sun8.50.7A03,Theory,1
8,7A03,8:50:00,9:40:00,Monday,Mon8.50.7A03,Theory,1
9,7A03,8:50:00,9:40:00,Tuesday,Tue8.50.7A03,Theory,1
10,7A03,8:50:00,9:40:00,Wednesday,Wed8.50.7A03,Theory,1
11,7A03,8:50:00,9:40:00,Thursday,Thu8.50.7A03,Theory,1
12,7A03,9:40:00,10:30:00,Saturday,Sat9.40.7A03,Theory,1
13,7A03,9:40:00,10:30:00,Sunday,Sun9.40.7A03,Theory,1
14,7A03,9:40:00,10:30:00,Monday,Mon9.40.7A03,Theory,1
15,7A03,9:40:00,10:30:00,Tuesday,Tue9.40.7A03,Theory,1
16,7A03,9:40:00,10:30:00,Wednesday,Wed9.40.7A03,Theory,1
17,7A03,9:40:00,10:30:00,Thursday,Thu9.40.7A03,Theory,1
18,7A03,10:30:00,11:20:00,Saturday,Sat10.30.7A03,Theory,2
19,7A03,10:30:00,11:20:00,Sunday,Sun10.30.7A03,Theory,2
20,7A03,10:30:00,11:20:00,Monday,Mon10.30.7A03,Theory,2
21,7A03,10:30:00,11:20:00,Tuesday,Tue10.30.7A03,Theory,2
22,7A03,10:30:00,11:20:00,Wednesday,Wed10.30.7A03,Theory,2
23,7A03,10:30:00,11:20:00,Thursday,Thu10.30.7A03,Theory,2
24,7A03,11:20:00,12:10:00,Saturday,Sat11.20.7A03,Theory,2
25,7A03,11:20:00,12:10:00,Sunday,Sun11.20.7A03,Theory,2
26,7A03,11:20:00,12:10:00,Monday,Mon11.20.7A03,Theory,2
27,7A03,11:20:00,12:10:00,Tuesday,Tue11.20.7A03,Theory,2
28,7A03,11:20:00,12:10:00,Wednesday,Wed11.20.7A03,Theory,2
29,7A03,11:20:00,12:10:00,Thursday,Thu11.20.7A03,Theory,2
30,7A03,12:10:00,13:00:00,Saturday,Sat12.10.7A03,Theory,2
31,7A03,12:10:00,13:00:00,Sunday,Sun12.10.7A03,Theory,2
32,7A03,12:10:00,13:00:00,Monday,Mon12.10.7A03,Theory,2
33,7A03,12:10:00,13:00:00,Tuesday,Tue12.10.7A03,Theory,2
34,7A03,12:10:00,13:00:00,Wednesday,Wed12.10.7A03,Theory,2
35,7A03,12:10:00,13:00:00,Thursday,Thu12.10.7A03,Theory,2
36,7A03,13:00:00,13:50:00,Saturday,Sat1.00.7A03,Theory,3
37,7A03,13:00:00,13:50:00,Sunday,Sun1.00.7A03,Theory,3
38,7A03,13:00:00,13:50:00,Monday,Mon1.00.7A03,Theory,3
39,7A03,13:00:00,13:50:00,Tuesday,Tue1.00.7A03,Theory,3
40,7A03,13:00:00,13:50:00,Wednesday,Wed1.00.7A03,Theory,3
41,7A03,13:00:00,13:50:00,Thursday,Thu1.00.7A03,Theory,3
42,7A03,13:50:00,14:40:00,Saturday,Sat1.50.7A03,Theory,3
43,7A03,13:50:00,14:40:00,Sunday,Sun1.50.7A03,Theory,3
44,7A03,13:50:00,14:40:00,Monday,Mon1.50.7A03,Theory,3
45,7A03,13:50:00,14:40:00,Tuesday,Tue1.50.7A03,Theory,3
46,7A03,13:50:00,14:40:00,Wednesday,Wed1.50.7A03,Theory,3
47,7A03,13:50:00,14:40:00,Thursday,Thu1.50.7A03,Theory,3
48,7A03,14:40:00,15:30:00,Saturday,Sat2.40.7A03,Theory,3
49,7A03,14:40:00,15:30:00,Sunday,Sun2.40.7A03,Theory,3
50,7A03,14:40:00,15:30:00,Monday,Mon2.40.7A03,Theory,3
51,7A03,14:40:00,15:30:00,Tuesday,Tue2.40.7A03,Theory,3
52,7A03,14:40:00,15:30:00,Wednesday,Wed2.40.7A03,Theory,3
53,7A03,14:40:00,15:30:00,Thursday,Thu2.40.7A03,Theory,3
54,7A04,8:00:00,8:50:00,Saturday,Sat8.00.7A04,Theory,1
55,7A04,8:00:00,8:50:00,Sunday,Sun8.00.7A04,Theory,1
56,7A04,8:00:00,8:50:00,Monday,Mon8.00.7A04,Theory,1
57,7A04,8:00:00,8:50:00,Tuesday,Tue8.00.7A04,Theory,1
58,7A04,8:00:00,8:50:00,Wednesday,Wed8.00.7A04,Theory,1
59,7A04,8:00:00,8:50:00,Thursday,Thu8.00.7A04,Theory,1
60,7A04,8:50:00,9:40:00,Saturday,Sat8.50.7A04,Theory,1
61,7A04,8:50:00,9:40:00,Sunday,Sun8.50.7A04,Theory,1
62,7A04,8:50:00,9:40:00,Monday,Mon8.50.7A04,Theory,1
63,7A04,8:50:00,9:40:00,Tuesday,Tue8.50.7A04,Theory,1
64,7A04,8:50:00,9:40:00,Wednesday,Wed8.50.7A04,Theory,1
65,7A04,8:50:00,9:40:00,Thursday,Thu8.50.7A04,Theory,1
66,7A04,9:40:00,10:30:00,Saturday,Sat9.40.7A04,Theory,1
67,7A04,9:40:00,10:30:00,Sunday,Sun9.40.7A04,Theory,1
68,7A04,9:40:00,10:30:00,Monday,Mon9.40.7A04,Theory,1
69,7A04,9:40:00,10:30:00,Tuesday,Tue9.40.7A04,Theory,1
70,7A04,9:40:00,10:30:00,Wednesday,Wed9.40.7A04,Theory,1
71,7A04,9:40:00,10:30:00,Thursday,Thu9.40.7A04,Theory,1
72,7A04,10:30:00,11:20:00,Saturday,Sat10.30.7A04,Theory,2
73,7A04,10:30:00,11:20:00,Sunday,Sun10.30.7A04,Theory,2
74,7A04,10:30:00,11:20:00,Monday,Mon10.30.7A04,Theory,2
75,7A04,10:30:00,11:20:00,Tuesday,Tue10.30.7A04,Theory,2
76,7A04,10:30:00,11:20:00,Wednesday,Wed10.30.7A04,Theory,2
77,7A04,10:30:00,11:20:00,Thursday,Thu10.30.7A04,Theory,2
78,7A04,11:20:00,12:10:00,Saturday,Sat11.20.7A04,Theory,2
79,7A04,11:20:00,12:10:00,Sunday,Sun11.20.7A04,Theory,2
80,7A04,11:20:00,12:10:00,Monday,Mon11.20.7A04,Theory,2
81,7A04,11:20:00,12:10:00,Tuesday,Tue11.20.7A04,Theory,2
82,7A04,11:20:00,12:10:00,Wednesday,Wed11.20.7A04,Theory,2
83,7A04,11:20:00,12:10:00,Thursday,Thu11.20.7A04,Theory,2
84,7A04,12:10:00,13:00:00,Saturday,Sat12.10.7A04,Theory,2
85,7A04,12:10:00,13:00:00,Sunday,Sun12.10.7A04,Theory,2
86,7A04,12:10:00,13:00:00,Monday,Mon12.10.7A04,Theory,2
87,7A04,12:10:00,13:00:00,Tuesday,Tue12.10.7A04,Theory,2
88,7A04,12:10:00,13:00:00,Wednesday,Wed12.10.7A04,Theory,2
89,7A04,12:10:00,13:00:00,Thursday,Thu12.10.7A04,Theory,2
90,7A04,13:00:00,13:50:00,Saturday,Sat1.00.7A04,Theory,3
91,7A04,13:00:00,13:50:00,Sunday,Sun1.00.7A04,Theory,3
92,7A04,13:00:00,13:50:00,Monday,Mon1.00.7A04,Theory,3
93,7A04,13:00:00,13:50:00,Tuesday,Tue1.00.7A04,Theory,3
94,7A04,13:00:00,13:50:00,Wednesday,Wed1.00.7A04,Theory,3
95,7A04,13:00:00,13:50:00,Thursday,Thu1.00.7A04,Theory,3
96,7A04,13:50:00,14:40:00,Saturday,Sat1.50.7A04,Theory,3
97,7A04,13:50:00,14:40:00,Sunday,Sun1.50.7A04,Theory,3
98,7A04,13:50:00,14:40:00,Monday,Mon1.50.7A04,Theory,3
99,7A04,13:50:00,14:40:00,Tuesday,Tue1.50.7A04,Theory,3
100,7A04,13:50:00,14:40:00,Wednesday,Wed1.50.7A04,Theory,3
101,7A04,13:50:00,14:40:00,Thursday,Thu1.50.7A04,Theory,3
102,7A04,14:40:00,15:30:00,Saturday,Sat2.40.7A04,Theory,3
103,7A04,14:40:00,15:30:00,Sunday,Sun2.40.7A04,Theory,3
104,7A04,14:40:00,15:30:00,Monday,Mon2.40.7A04,Theory,3
105,7A04,14:40:00,15:30:00,Tuesday,Tue2.40.7A04,Theory,3
106,7A04,14:40:00,15:30:00,Wednesday,Wed2.40.7A04,Theory,3
107,7A04,14:40:00,15:30:00,Thursday,Thu2.40.7A04,Theory,3
108,7A05,8:00:00,8:50:00,Saturday,Sat8.00.7A05,Theory,1
109,7A05,8:00:00,8:50:00,Sunday,Sun8.00.7A05,Theory,1
110,7A05,8:00:00,8:50:00,Monday,Mon8.00.7A05,Theory,1
111,7A05,8:00:00,8:50:00,Tuesday,Tue8.00.7A05,Theory,1
112,7A05,8:00:00,8:50:00,Wednesday,Wed8.00.7A05,Theory,1
113,7A05,8:00:00,8:50:00,Thursday,Thu8.00.7A05,Theory,1
114,7A05,8:50:00,9:40:00,Saturday,Sat8.50.7A05,Theory,1
115,7A05,8:50:00,9:40:00,Sunday,Sun8.50.7A05,Theory,1
116,7A05,8:50:00,9:40:00,Monday,Mon8.50.7A05,Theory,1
117,7A05,8:50:00,9:40:00,Tuesday,Tue8.50.7A05,Theory,1
118,7A05,8:50:00,9:40:00,Wednesday,Wed8.50.7A05,Theory,1
119,7A05,8:50:00,9:40:00,Thursday,Thu8.50.7A05,Theory,1
120,7A05,9:40:00,10:30:00,Saturday,Sat9.40.7A05,Theory,1
121,7A05,9:40:00,10:30:00,Sunday,Sun9.40.7A05,Theory,1
122,7A05,9:40:00,10:30:00,Monday,Mon9.40.7A05,Theory,1
123,7A05,9:40:00,10:30:00,Tuesday,Tue9.40.7A05,Theory,1
124,7A05,9:40:00,10:30:00,Wednesday,Wed9.40.7A05,Theory,1
125,7A05,9:40:00,10:30:00,Thursday,Thu9.40.7A05,Theory,1
126,7A05,10:30:00,11:20:00,Saturday,Sat10.30.7A05,Theory,2
127,7A05,10:30:00,11:20:00,Sunday,Sun10.30.7A05,Theory,2
128,7A05,10:30:00,11:20:00,Monday,Mon10.30.7A05,Theory,2
129,7A05,10:30:00,11:20:00,Tuesday,Tue10.30.7A05,Theory,2
130,7A05,10:30:00,11:20:00,Wednesday,Wed10.30.7A05,Theory,2
131,7A05,10:30:00,11:20:00,Thursday,Thu10.30.7A05,Theory,2
132,7A05,11:20:00,12:10:00,Saturday,Sat11.20.7A05,Theory,2
133,7A05,11:20:00,12:10:00,Sunday,Sun11.20.7A05,Theory,2
134,7A05,11:20:00,12:10:00,Monday,Mon11.20.7A05,Theory,2
135,7A05,11:20:00,12:10:00,Tuesday,Tue11.20.7A05,Theory,2
136,7A05,11:20:00,12:10:00,Wednesday,Wed11.20.7A05,Theory,2
137,7A05,11:20:00,12:10:00,Thursday,Thu11.20.7A05,Theory,2
138,7A05,12:10:00,13:00:00,Saturday,Sat12.10.7A05,Theory,2
139,7A05,12:10:00,13:00:00,Sunday,Sun12.10.7A05,Theory,2
140,7A05,12:10:00,13:00:00,Monday,Mon12.10.7A05,Theory,2
141,7A05,12:10:00,13:00:00,Tuesday,Tue12.10.7A05,Theory,2
142,7A05,12:10:00,13:00:00,Wednesday,Wed12.10.7A05,Theory,2
143,7A05,12:10:00,13:00:00,Thursday,Thu12.10.7A05,Theory,2
144,7A05,13:00:00,13:50:00,Saturday,Sat1.00.7A05,Theory,3
145,7A05,13:00:00,13:50:00,Sunday,Sun1.00.7A05,Theory,3
146,7A05,13:00:00,13:50:00,Monday,Mon1.00.7A05,Theory,3
147,7A05,13:00:00,13:50:00,Tuesday,Tue1.00.7A05,Theory,3
148,7A05,13:00:00,13:50:00,Wednesday,Wed1.00.7A05,Theory,3
149,7A05,13:00:00,13:50:00,Thursday,Thu1.00.7A05,Theory,3
150,7A05,13:50:00,14:40:00,Saturday,Sat1.50.7A05,Theory,3
151,7A05,13:50:00,14:40:00,Sunday,Sun1.50.7A05,Theory,3
152,7A05,13:50:00,14:40:00,Monday,Mon1.50.7A05,Theory,3
153,7A05,13:50:00,14:40:00,Tuesday,Tue1.50.7A05,Theory,3
154,7A05,13:50:00,14:40:00,Wednesday,Wed1.50.7A05,Theory,3
155,7A05,13:50:00,14:40:00,Thursday,Thu1.50.7A05,Theory,3
156,7A05,14:40:00,15:30:00,Saturday,Sat2.40.7A05,Theory,3
157,7A05,14:40:00,15:30:00,Sunday,Sun2.40.7A05,Theory,3
158,7A05,14:40:00,15:30:00,Monday,Mon2.40.7A05,Theory,3
159,7A05,14:40:00,15:30:00,Tuesday,Tue2.40.7A05,Theory,3
160,7A05,14:40:00,15:30:00,Wednesday,Wed2.40.7A05,Theory,3
161,7A05,14:40:00,15:30:00,Thursday,Thu2.40.7A05,Theory,3
162,7A06,8:00:00,8:50:00,Saturday,Sat8.00.7A06,Theory,1
163,7A06,8:00:00,8:50:00,Sunday,Sun8.00.7A06,Theory,1
164,7A06,8:00:00,8:50:00,Monday,Mon8.00.7A06,Theory,1
165,7A06,8:00:00,8:50:00,Tuesday,Tue8.00.7A06,Theory,1
166,7A06,8:00:00,8:50:00,Wednesday,Wed8.00.7A06,Theory,1
167,7A06,8:00:00,8:50:00,Thursday,Thu8.00.7A06,Theory,1
168,7A06,8:50:00,9:40:00,Saturday,Sat8.50.7A06,Theory,1
169,7A06,8:50:00,9:40:00,Sunday,Sun8.50.7A06,Theory,1
170,7A06,8:50:00,9:40:00,Monday,Mon8.50.7A06,Theory,1
171,7A06,8:50:00,9:40:00,Tuesday,Tue8.50.7A06,Theory,1
172,7A06,8:50:00,9:40:00,Wednesday,Wed8.50.7A06,Theory,1
173,7A06,8:50:00,9:40:00,Thursday,Thu8.50.7A06,Theory,1
174,7A06,9:40:00,10:30:00,Saturday,Sat9.40.7A06,Theory,1
175,7A06,9:40:00,10:30:00,Sunday,Sun9.40.7A06,Theory,1
176,7A06,9:40:00,10:30:00,Monday,Mon9.40.7A06,Theory,1
177,7A06,9:40:00,10:30:00,Tuesday,Tue9.40.7A06,Theory,1
178,7A06,9:40:00,10:30:00,Wednesday,Wed9.40.7A06,Theory,1
179,7A06,9:40:00,10:30:00,Thursday,Thu9.40.7A06,Theory,1
180,7A06,10:30:00,11:20:00,Saturday,Sat10.30.7A06,Theory,2
181,7A06,10:30:00,11:20:00,Sunday,Sun10.30.7A06,Theory,2
182,7A06,10:30:00,11:20:00,Monday,Mon10.30.7A06,Theory,2
183,7A06,10:30:00,11:20:00,Tuesday,Tue10.30.7A06,Theory,2
184,7A06,10:30:00,11:20:00,Wednesday,Wed10.30.7A06,Theory,2
185,7A06,10:30:00,11:20:00,Thursday,Thu10.30.7A06,Theory,2
186,7A06,11:20:00,12:10:00,Saturday,Sat11.20.7A06,Theory,2
187,7A06,11:20:00,12:10:00,Sunday,Sun11.20.7A06,Theory,2
188,7A06,11:20:00,12:10:00,Monday,Mon11.20.7A06,Theory,2
189,7A06,11:20:00,12:10:00,Tuesday,Tue11.20.7A06,Theory,2
190,7A06,11:20:00,12:10:00,Wednesday,Wed11.20.7A06,Theory,2
191,7A06,11:20:00,12:10:00,Thursday,Thu11.20.7A06,Theory,2
192,7A06,12:10:00,13:00:00,Saturday,Sat12.10.7A06,Theory,2
193,7A06,12:10:00,13:00:00,Sunday,Sun12.10.7A06,Theory,2
194,7A06,12:10:00,13:00:00,Monday,Mon12.10.7A06,Theory,2
195,7A06,12:10:00,13:00:00,Tuesday,Tue12.10.7A06,Theory,2
196,7A06,12:10:00,13:00:00,Wednesday,Wed12.10.7A06,Theory,2
197,7A06,12:10:00,13:00:00,Thursday,Thu12.10.7A06,Theory,2
198,7A06,13:00:00,13:50:00,Saturday,Sat1.00.7A06,Theory,3
199,7A06,13:00:00,13:50:00,Sunday,Sun1.00.7A06,Theory,3
200,7A06,13:00:00,13:50:00,Monday,Mon1.00.7A06,Theory,3
201,7A06,13:00:00,13:50:00,Tuesday,Tue1.00.7A06,Theory,3
202,7A06,13:00:00,13:50:00,Wednesday,Wed1.00.7A06,Theory,3
203,7A06,13:00:00,13:50:00,Thursday,Thu1.00.7A06,Theory,3
204,7A06,13:50:00,14:40:00,Saturday,Sat1.50.7A06,Theory,3
205,7A06,13:50:00,14:40:00,Sunday,Sun1.50.7A06,Theory,3
206,7A06,13:50:00,14:40:00,Monday,Mon1.50.7A06,Theory,3
207,7A06,13:50:00,14:40:00,Tuesday,Tue1.50.7A06,Theory,3
208,7A06,13:50:00,14:40:00,Wednesday,Wed1.50.7A06,Theory,3
209,7A06,13:50:00,14:40:00,Thursday,Thu1.50.7A06,Theory,3
210,7A06,14:40:00,15:30:00,Saturday,Sat2.40.7A06,Theory,3
211,7A06,14:40:00,15:30:00,Sunday,Sun2.40.7A06,Theory,3
212,7A06,14:40:00,15:30:00,Monday,Mon2.40.7A06,Theory,3
213,7A06,14:40:00,15:30:00,Tuesday,Tue2.40.7A06,Theory,3
214,7A06,14:40:00,15:30:00,Wednesday,Wed2.40.7A06,Theory,3
215,7A06,14:40:00,15:30:00,Thursday,Thu2.40.7A06,Theory,3
216,7A07,8:00:00,8:50:00,Saturday,Sat8.00.7A07,Theory,1
217,7A07,8:00:00,8:50:00,Sunday,Sun8.00.7A07,Theory,1
218,7A07,8:00:00,8:50:00,Monday,Mon8.00.7A07,Theory,1
219,7A07,8:00:00,8:50:00,Tuesday,Tue8.00.7A07,Theory,1
220,7A07,8:00:00,8:50:00,Wednesday,Wed8.00.7A07,Theory,1
221,7A07,8:00:00,8:50:00,Thursday,Thu8.00.7A07,Theory,1
222,7A07,8:50:00,9:40:00,Saturday,Sat8.50.7A07,Theory,1
223,7A07,8:50:00,9:40:00,Sunday,Sun8.50.7A07,Theory,1
224,7A07,8:50:00,9:40:00,Monday,Mon8.50.7A07,Theory,1
225,7A07,8:50:00,9:40:00,Tuesday,Tue8.50.7A07,Theory,1
226,7A07,8:50:00,9:40:00,Wednesday,Wed8.50.7A07,Theory,1
227,7A07,8:50:00,9:40:00,Thursday,Thu8.50.7A07,Theory,1
228,7A07,9:40:00,10:30:00,Saturday,Sat9.40.7A07,Theory,1
229,7A07,9:40:00,10:30:00,Sunday,Sun9.40.7A07,Theory,1
230,7A07,9:40:00,10:30:00,Monday,Mon9.40.7A07,Theory,1
231,7A07,9:40:00,10:30:00,Tuesday,Tue9.40.7A07,Theory,1
232,7A07,9:40:00,10:30:00,Wednesday,Wed9.40.7A07,Theory,1
233,7A07,9:40:00,10:30:00,Thursday,Thu9.40.7A07,Theory,1
234,7A07,10:30:00,11:20:00,Saturday,Sat10.30.7A07,Theory,2
235,7A07,10:30:00,11:20:00,Sunday,Sun10.30.7A07,Theory,2
236,7A07,10:30:00,11:20:00,Monday,Mon10.30.7A07,Theory,2
237,7A07,10:30:00,11:20:00,Tuesday,Tue10.30.7A07,Theory,2
238,7A07,10:30:00,11:20:00,Wednesday,Wed10.30.7A07,Theory,2
239,7A07,10:30:00,11:20:00,Thursday,Thu10.30.7A07,Theory,2
240,7A07,11:20:00,12:10:00,Saturday,Sat11.20.7A07,Theory,2
241,7A07,11:20:00,12:10:00,Sunday,Sun11.20.7A07,Theory,2
242,7A07,11:20:00,12:10:00,Monday,Mon11.20.7A07,Theory,2
243,7A07,11:20:00,12:10:00,Tuesday,Tue11.20.7A07,Theory,2
244,7A07,11:20:00,12:10:00,Wednesday,Wed11.20.7A07,Theory,2
245,7A07,11:20:00,12:10:00,Thursday,Thu11.20.7A07,Theory,2
246,7A07,12:10:00,13:00:00,Saturday,Sat12.10.7A07,Theory,2
247,7A07,12:10:00,13:00:00,Sunday,Sun12.10.7A07,Theory,2
248,7A07,12:10:00,13:00:00,Monday,Mon12.10.7A07,Theory,2
249,7A07,12:10:00,13:00:00,Tuesday,Tue12.10.7A07,Theory,2
250,7A07,12:10:00,13:00:00,Wednesday,Wed12.10.7A07,Theory,2
251,7A07,12:10:00,13:00:00,Thursday,Thu12.10.7A07,Theory,2
252,7A07,13:00:00,13:50:00,Saturday,Sat1.00.7A07,Theory,3
253,7A07,13:00:00,13:50:00,Sunday,Sun1.00.7A07,Theory,3
254,7A07,13:00:00,13:50:00,Monday,Mon1.00.7A07,Theory,3
255,7A07,13:00:00,13:50:00,Tuesday,Tue1.00.7A07,Theory,3
256,7A07,13:00:00,13:50:00,Wednesday,Wed1.00.7A07,Theory,3
257,7A07,13:00:00,13:50:00,Thursday,Thu1.00.7A07,Theory,3
258,7A07,13:50:00,14:40:00,Saturday,Sat1.50.7A07,Theory,3
259,7A07,13:50:00,14:40:00,Sunday,Sun1.50.7A07,Theory,3
260,7A07,13:50:00,14:40:00,Monday,Mon1.50.7A07,Theory,3
261,7A07,13:50:00,14:40:00,Tuesday,Tue1.50.7A07,Theory,3
262,7A07,13:50:00,14:40:00,Wednesday,Wed1.50.7A07,Theory,3
263,7A07,13:50:00,14:40:00,Thursday,Thu1.50.7A07,Theory,3
264,7A07,14:40:00,15:30:00,Saturday,Sat2.40.7A07,Theory,3
265,7A07,14:40:00,15:30:00,Sunday,Sun2.40.7A07,Theory,3
266,7A07,14:40:00,15:30:00,Monday,Mon2.40.7A07,Theory,3
267,7A07,14:40:00,15:30:00,Tuesday,Tue2.40.7A07,Theory,3
268,7A07,14:40:00,15:30:00,Wednesday,Wed2.40.7A07,Theory,3
269,7A07,14:40:00,15:30:00,Thursday,Thu2.40.7A07,Theory,3
270,7C06,8:00:00,8:50:00,Saturday,Sat8.00.7C06,Theory,1
271,7C06,8:00:00,8:50:00,Sunday,Sun8.00.7C06,Theory,1
272,7C06,8:00:00,8:50:00,Monday,Mon8.00.7C06,Theory,1
273,7C06,8:00:00,8:50:00,Tuesday,Tue8.00.7C06,Theory,1
274,7C06,8:00:00,8:50:00,Wednesday,Wed8.00.7C06,Theory,1
275,7C06,8:00:00,8:50:00,Thursday,Thu8.00.7C06,Theory,1
276,7C06,8:50:00,9:40:00,Saturday,Sat8.50.7C06,Theory,1
277,7C06,8:50:00,9:40:00,Sunday,Sun8.50.7C06,Theory,1
278,7C06,8:50:00,9:40:00,Monday,Mon8.50.7C06,Theory,1
279,7C06,8:50:00,9:40:00,Tuesday,Tue8.50.7C06,Theory,1
280,7C06,8:50:00,9:40:00,Wednesday,Wed8.50.7C06,Theory,1
281,7C06,8:50:00,9:40:00,Thursday,Thu8.50.7C06,Theory,1
282,7C06,9:40:00,10:30:00,Saturday,Sat9.40.7C06,Theory,1
283,7C06,9:40:00,10:30:00,Sunday,Sun9.40.7C06,Theory,1
284,7C06,9:40:00,10:30:00,Monday,Mon9.40.7C06,Theory,1
285,7C06,9:40:00,10:30:00,Tuesday,Tue9.40.7C06,Theory,1
286,7C06,9:40:00,10:30:00,Wednesday,Wed9.40.7C06,Theory,1
287,7C06,9:40:00,10:30:00,Thursday,Thu9.40.7C06,Theory,1
288,7C06,10:30:00,11:20:00,Saturday,Sat10.30.7C06,Theory,2
289,7C06,10:30:00,11:20:00,Sunday,Sun10.30.7C06,Theory,2
290,7C06,10:30:00,11:20:00,Monday,Mon10.30.7C06,Theory,2
291,7C06,10:30:00,11:20:00,Tuesday,Tue10.30.7C06,Theory,2
292,7C06,10:30:00,11:20:00,Wednesday,Wed10.30.7C06,Theory,2
293,7C06,10:30:00,11:20:00,Thursday,Thu10.30.7C06,Theory,2
294,7C06,11:20:00,12:10:00,Saturday,Sat11.20.7C06,Theory,2
295,7C06,11:20:00,12:10:00,Sunday,Sun11.20.7C06,Theory,2
296,7C06,11:20:00,12:10:00,Monday,Mon11.20.7C06,Theory,2
297,7C06,11:20:00,12:10:00,Tuesday,Tue11.20.7C06,Theory,2
298,7C06,11:20:00,12:10:00,Wednesday,Wed11.20.7C06,Theory,2
299,7C06,11:20:00,12:10:00,Thursday,Thu11.20.7C06,Theory,2
300,7C06,12:10:00,13:00:00,Saturday,Sat12.10.7C06,Theory,2
301,7C06,12:10:00,13:00:00,Sunday,Sun12.10.7C06,Theory,2
302,7C06,12:10:00,13:00:00,Monday,Mon12.10.7C06,Theory,2
303,7C06,12:10:00,13:00:00,Tuesday,Tue12.10.7C06,Theory,2
304,7C06,12:10:00,13:00:00,Wednesday,Wed12.10.7C06,Theory,2
305,7C06,12:10:00,13:00:00,Thursday,Thu12.10.7C06,Theory,2
306,7C06,13:00:00,13:50:00,Saturday,Sat1.00.7C06,Theory,3
307,7C06,13:00:00,13:50:00,Sunday,Sun1.00.7C06,Theory,3
308,7C06,13:00:00,13:50:00,Monday,Mon1.00.7C06,Theory,3
309,7C06,13:00:00,13:50:00,Tuesday,Tue1.00.7C06,Theory,3
310,7C06,13:00:00,13:50:00,Wednesday,Wed1.00.7C06,Theory,3
311,7C06,13:00:00,13:50:00,Thursday,Thu1.00.7C06,Theory,3
312,7C06,13:50:00,14:40:00,Saturday,Sat1.50.7C06,Theory,3
313,7C06,13:50:00,14:40:00,Sunday,Sun1.50.7C06,Theory,3
314,7C06,13:50:00,14:40:00,Monday,Mon1.50.7C06,Theory,3
315,7C06,13:50:00,14:40:00,Tuesday,Tue1.50.7C06,Theory,3
316,7C06,13:50:00,14:40:00,Wednesday,Wed1.50.7C06,Theory,3
317,7C06,13:50:00,14:40:00,Thursday,Thu1.50.7C06,Theory,3
318,7C06,14:40:00,15:30:00,Saturday,Sat2.40.7C06,Theory,3
319,7C06,14:40:00,15:30:00,Sunday,Sun2.40.7C06,Theory,3
320,7C06,14:40:00,15:30:00,Monday,Mon2.40.7C06,Theory,3
321,7C06,14:40:00,15:30:00,Tuesday,Tue2.40.7C06,Theory,3
322,7C06,14:40:00,15:30:00,Wednesday,Wed2.40.7C06,Theory,3
323,7C06,14:40:00,15:30:00,Thursday,Thu2.40.7C06,Theory,3
324,7C07,8:00:00,8:50:00,Saturday,Sat8.00.7C07,Theory,1
325,7C07,8:00:00,8:50:00,Sunday,Sun8.00.7C07,Theory,1
326,7C07,8:00:00,8:50:00,Monday,Mon8.00.7C07,Theory,1
327,7C07,8:00:00,8:50:00,Tuesday,Tue8.00.7C07,Theory,1
328,7C07,8:00:00,8:50:00,Wednesday,Wed8.00.7C07,Theory,1
329,7C07,8:00:00,8:50:00,Thursday,Thu8.00.7C07,Theory,1
330,7C07,8:50:00,9:40:00,Saturday,Sat8.50.7C07,Theory,1
331,7C07,8:50:00,9:40:00,Sunday,Sun8.50.7C07,Theory,1
332,7C07,8:50:00,9:40:00,Monday,Mon8.50.7C07,Theory,1
333,7C07,8:50:00,9:40:00,Tuesday,Tue8.50.7C07,Theory,1
334,7C07,8:50:00,9:40:00,Wednesday,Wed8.50.7C07,Theory,1
335,7C07,8:50:00,9:40:00,Thursday,Thu8.50.7C07,Theory,1
336,7C07,9:40:00,10:30:00,Saturday,Sat9.40.7C07,Theory,1
337,7C07,9:40:00,10:30:00,Sunday,Sun9.40.7C07,Theory,1
338,7C07,9:40:00,10:30:00,Monday,Mon9.40.7C07,Theory,1
339,7C07,9:40:00,10:30:00,Tuesday,Tue9.40.7C07,Theory,1
340,7C07,9:40:00,10:30:00,Wednesday,Wed9.40.7C07,Theory,1
341,7C07,9:40:00,10:30:00,Thursday,Thu9.40.7C07,Theory,1
342,7C07,10:30:00,11:20:00,Saturday,Sat10.30.7C07,Theory,2
343,7C07,10:30:00,11:20:00,Sunday,Sun10.30.7C07,Theory,2
344,7C07,10:30:00,11:20:00,Monday,Mon10.30.7C07,Theory,2
345,7C07,10:30:00,11:20:00,Tuesday,Tue10.30.7C07,Theory,2
346,7C07,10:30:00,11:20:00,Wednesday,Wed10.30.7C07,Theory,2
347,7C07,10:30:00,11:20:00,Thursday,Thu10.30.7C07,Theory,2
348,7C07,11:20:00,12:10:00,Saturday,Sat11.20.7C07,Theory,2
349,7C07,11:20:00,12:10:00,Sunday,Sun11.20.7C07,Theory,2
350,7C07,11:20:00,12:10:00,Monday,Mon11.20.7C07,Theory,2
351,7C07,11:20:00,12:10:00,Tuesday,Tue11.20.7C07,Theory,2
352,7C07,11:20:00,12:10:00,Wednesday,Wed11.20.7C07,Theory,2
353,7C07,11:20:00,12:10:00,Thursday,Thu11.20.7C07,Theory,2
354,7C07,12:10:00,13:00:00,Saturday,Sat12.10.7C07,Theory,2
355,7C07,12:10:00,13:00:00,Sunday,Sun12.10.7C07,Theory,2
356,7C07,12:10:00,13:00:00,Monday,Mon12.10.7C07,Theory,2
357,7C07,12:10:00,13:00:00,Tuesday,Tue12.10.7C07,Theory,2
358,7C07,12:10:00,13:00:00,Wednesday,Wed12.10.7C07,Theory,2
359,7C07,12:10:00,13:00:00,Thursday,Thu12.10.7C07,Theory,2
360,7C07,13:00:00,13:50:00,Saturday,Sat1.00.7C07,Theory,3
361,7C07,13:00:00,13:50:00,Sunday,Sun1.00.7C07,Theory,3
362,7C07,13:00:00,13:50:00,Monday,Mon1.00.7C07,Theory,3
363,7C07,13:00:00,13:50:00,Tuesday,Tue1.00.7C07,Theory,3
364,7C07,13:00:00,13:50:00,Wednesday,Wed1.00.7C07,Theory,3
365,7C07,13:00:00,13:50:00,Thursday,Thu1.00.7C07,Theory,3
366,7C07,13:50:00,14:40:00,Saturday,Sat1.50.7C07,Theory,3
367,7C07,13:50:00,14:40:00,Sunday,Sun1.50.7C07,Theory,3
368,7C07,13:50:00,14:40:00,Monday,Mon1.50.7C07,Theory,3
369,7C07,13:50:00,14:40:00,Tuesday,Tue1.50.7C07,Theory,3
370,7C07,13:50:00,14:40:00,Wednesday,Wed1.50.7C07,Theory,3
371,7C07,13:50:00,14:40:00,Thursday,Thu1.50.7C07,Theory,3
372,7C07,14:40:00,15:30:00,Saturday,Sat2.40.7C07,Theory,3
373,7C07,14:40:00,15:30:00,Sunday,Sun2.40.7C07,Theory,3
374,7C07,14:40:00,15:30:00,Monday,Mon2.40.7C07,Theory,3
375,7C07,14:40:00,15:30:00,Tuesday,Tue2.40.7C07,Theory,3
376,7C07,14:40:00,15:30:00,Wednesday,Wed2.40.7C07,Theory,3
377,7C07,14:40:00,15:30:00,Thursday,Thu2.40.7C07,Theory,3
378,7B01,8:00:00,10:30:00,Saturday,Sat8.00.7B01,Lab,1
379,7B01,8:00:00,10:30:00,Sunday,Sun8.00.7B01,Lab,1
380,7B01,8:00:00,10:30:00,Monday,Mon8.00.7B01,Lab,1
381,7B01,8:00:00,10:30:00,Tuesday,Tue8.00.7B01,Lab,1
382,7B01,8:00:00,10:30:00,Wednesday,Wed8.00.7B01,Lab,1
383,7B01,8:00:00,10:30:00,Thursday,Thu8.00.7B01,Lab,1
384,7B01,10:30:00,13:00:00,Saturday,Sat10.30.7B01,Lab,2
385,7B01,10:30:00,13:00:00,Sunday,Sun10.30.7B01,Lab,2
386,7B01,10:30:00,13:00:00,Monday,Mon10.30.7B01,Lab,2
387,7B01,10:30:00,13:00:00,Tuesday,Tue10.30.7B01,Lab,2
388,7B01,10:30:00,13:00:00,Wednesday,Wed10.30.7B01,Lab,2
389,7B01,10:30:00,13:00:00,Thursday,Thu10.30.7B01,Lab,2
390,7B01,13:00:00,15:30:00,Saturday,Sat1.00.7B01,Lab,3
391,7B01,13:00:00,15:30:00,Sunday,Sun1.00.7B01,Lab,3
392,7B01,13:00:00,15:30:00,Monday,Mon1.00.7B01,Lab,3
393,7B01,13:00:00,15:30:00,Tuesday,Tue1.00.7B01,Lab,3
394,7B01,13:00:00,15:30:00,Wednesday,Wed1.00.7B01,Lab,3
395,7B01,13:00:00,15:30:00,Thursday,Thu1.00.7B01,Lab,3
396,7B03,8:00:00,10:30:00,Saturday,Sat8.00.7B03,Lab,1
397,7B03,8:00:00,10:30:00,Sunday,Sun8.00.7B03,Lab,1
398,7B03,8:00:00,10:30:00,Monday,Mon8.00.7B03,Lab,1
399,7B03,8:00:00,10:30:00,Tuesday,Tue8.00.7B03,Lab,1
400,7B03,8:00:00,10:30:00,Wednesday,Wed8.00.7B03,Lab,1
401,7B03,8:00:00,10:30:00,Thursday,Thu8.00.7B03,Lab,1
402,7B03,10:30:00,13:00:00,Saturday,Sat10.30.7B03,Lab,2
403,7B03,10:30:00,13:00:00,Sunday,Sun10.30.7B03,Lab,2
404,7B03,10:30:00,13:00:00,Monday,Mon10.30.7B03,Lab,2
405,7B03,10:30:00,13:00:00,Tuesday,Tue10.30.7B03,Lab,2
406,7B03,10:30:00,13:00:00,Wednesday,Wed10.30.7B03,Lab,2
407,7B03,10:30:00,13:00:00,Thursday,Thu10.30.7B03,Lab,2
408,7B03,13:00:00,15:30:00,Saturday,Sat1.00.7B03,Lab,3
409,7B03,13:00:00,15:30:00,Sunday,Sun1.00.7B03,Lab,3
410,7B03,13:00:00,15:30:00,Monday,Mon1.00.7B03,Lab,3
411,7B03,13:00:00,15:30:00,Tuesday,Tue1.00.7B03,Lab,3
412,7B03,13:00:00,15:30:00,Wednesday,Wed1.00.7B03,Lab,3
413,7B03,13:00:00,15:30:00,Thursday,Thu1.00.7B03,Lab,3
414,7B05,8:00:00,10:30:00,Saturday,Sat8.00.7B05,Lab,1
415,7B05,8:00:00,10:30:00,Sunday,Sun8.00.7B05,Lab,1
416,7B05,8:00:00,10:30:00,Monday,Mon8.00.7B05,Lab,1
417,7B05,8:00:00,10:30:00,Tuesday,Tue8.00.7B05,Lab,1
418,7B05,8:00:00,10:30:00,Wednesday,Wed8.00.7B05,Lab,1
419,7B05,8:00:00,10:30:00,Thursday,Thu8.00.7B05,Lab,1
420,7B05,10:30:00,13:00:00,Saturday,Sat10.30.7B05,Lab,2
421,7B05,10:30:00,13:00:00,Sunday,Sun10.30.7B05,Lab,2
422,7B05,10:30:00,13:00:00,Monday,Mon10.30.7B05,Lab,2
423,7B05,10:30:00,13:00:00,Tuesday,Tue10.30.7B05,Lab,2
424,7B05,10:30:00,13:00:00,Wednesday,Wed10.30.7B05,Lab,2
425,7B05,10:30:00,13:00:00,Thursday,Thu10.30.7B05,Lab,2
426,7B05,13:00:00,15:30:00,Saturday,Sat1.00.7B05,Lab,3
427,7B05,13:00:00,15:30:00,Sunday,Sun1.00.7B05,Lab,3
428,7B05,13:00:00,15:30:00,Monday,Mon1.00.7B05,Lab,3
429,7B05,13:00:00,15:30:00,Tuesday,Tue1.00.7B05,Lab,3
430,7B05,13:00:00,15:30:00,Wednesday,Wed1.00.7B05,Lab,3
431,7B05,13:00:00,15:30:00,Thursday,Thu1.00.7B05,Lab,3
432,7B06,8:00:00,10:30:00,Saturday,Sat8.00.7B06,Lab,1
433,7B06,8:00:00,10:30:00,Sunday,Sun8.00.7B06,Lab,1
434,7B06,8:00:00,10:30:00,Monday,Mon8.00.7B06,Lab,1
435,7B06,8:00:00,10:30:00,Tuesday,Tue8.00.7B06,Lab,1
436,7B06,8:00:00,10:30:00,Wednesday,Wed8.00.7B06,Lab,1
437,7B06,8:00:00,10:30:00,Thursday,Thu8.00.7B06,Lab,1
438,7B06,10:30:00,13:00:00,Saturday,Sat10.30.7B06,Lab,2
439,7B06,10:30:00,13:00:00,Sunday,Sun10.30.7B06,Lab,2
440,7B06,10:30:00,13:00:00,Monday,Mon10.30.7B06,Lab,2
441,7B06,10:30:00,13:00:00,Tuesday,Tue10.30.7B06,Lab,2
442,7B06,10:30:00,13:00:00,Wednesday,Wed10.30.7B06,Lab,2
443,7B06,10:30:00,13:00:00,Thursday,Thu10.30.7B06,Lab,2
444,7B06,13:00:00,15:30:00,Saturday,Sat1.00.7B06,Lab,3
445,7B06,13:00:00,15:30:00,Sunday,Sun1.00.7B06,Lab,3
446,7B06,13:00:00,15:30:00,Monday,Mon1.00.7B06,Lab,3
447,7B06,13:00:00,15:30:00,Tuesday,Tue1.00.7B06,Lab,3
448,7B06,13:00:00,15:30:00,Wednesday,Wed1.00.7B06,Lab,3
449,7B06,13:00:00,15:30:00,Thursday,Thu1.00.7B06,Lab,3
450,7B07,8:00:00,10:30:00,Saturday,Sat8.00.7B07,Lab,1
451,7B07,8:00:00,10:30:00,Sunday,Sun8.00.7B07,Lab,1
452,7B07,8:00:00,10:30:00,Monday,Mon8.00.7B07,Lab,1
453,7B07,8:00:00,10:30:00,Tuesday,Tue8.00.7B07,Lab,1
454,7B07,8:00:00,10:30:00,Wednesday,Wed8.00.7B07,Lab,1
455,7B07,8:00:00,10:30:00,Thursday,Thu8.00.7B07,Lab,1
456,7B07,10:30:00,13:00:00,Saturday,Sat10.30.7B07,Lab,2
457,7B07,10:30:00,13:00:00,Sunday,Sun10.30.7B07,Lab,2
458,7B07,10:30:00,13:00:00,Monday,Mon10.30.7B07,Lab,2
459,7B07,10:30:00,13:00:00,Tuesday,Tue10.30.7B07,Lab,2
460,7B07,10:30:00,13:00:00,Wednesday,Wed10.30.7B07,Lab,2
461,7B07,10:30:00,13:00:00,Thursday,Thu10.30.7B07,Lab,2
462,7B07,13:00:00,15:30:00,Saturday,Sat1.00.7B07,Lab,3
463,7B07,13:00:00,15:30:00,Sunday,Sun1.00.7B07,Lab,3
464,7B07,13:00:00,15:30:00,Monday,Mon1.00.7B07,Lab,3
465,7B07,13:00:00,15:30:00,Tuesday,Tue1.00.7B07,Lab,3
466,7B07,13:00:00,15:30:00,Wednesday,Wed1.00.7B07,Lab,3
467,7B07,13:00:00,15:30:00,Thursday,Thu1.00.7B07,Lab,3
468,7B08,8:00:00,10:30:00,Saturday,Sat8.00.7B08,Lab,1
469,7B08,8:00:00,10:30:00,Sunday,Sun8.00.7B08,Lab,1
470,7B08,8:00:00,10:30:00,Monday,Mon8.00.7B08,Lab,1
471,7B08,8:00:00,10:30:00,Tuesday,Tue8.00.7B08,Lab,1
472,7B08,8:00:00,10:30:00,Wednesday,Wed8.00.7B08,Lab,1
473,7B08,8:00:00,10:30:00,Thursday,Thu8.00.7B08,Lab,1
474,7B08,10:30:00,13:00:00,Saturday,Sat10.30.7B08,Lab,2
475,7B08,10:30:00,13:00:00,Sunday,Sun10.30.7B08,Lab,2
476,7B08,10:30:00,13:00:00,Monday,Mon10.30.7B08,Lab,2
477,7B08,10:30:00,13:00:00,Tuesday,Tue10.30.7B08,Lab,2
478,7B08,10:30:00,13:00:00,Wednesday,Wed10.30.7B08,Lab,2
479,7B08,10:30:00,13:00:00,Thursday,Thu10.30.7B08,Lab,2
480,7B08,13:00:00,15:30:00,Saturday,Sat1.00.7B08,Lab,3
481,7B08,13:00:00,15:30:00,Sunday,Sun1.00.7B08,Lab,3
482,7B08,13:00:00,15:30:00,Monday,Mon1.00.7B08,Lab,3
483,7B08,13:00:00,15:30:00,Tuesday,Tue1.00.7B08,Lab,3
484,7B08,13:00:00,15:30:00,Wednesday,Wed1.00.7B08,Lab,3
485,7B08,13:00:00,15:30:00,Thursday,Thu1.00.7B08,Lab,3
486,9A05,8:00:00,10:30:00,Saturday,Sat8.00.9A05,Lab,1
487,9A05,8:00:00,10:30:00,Sunday,Sun8.00.9A05,Lab,1
488,9A05,8:00:00,10:30:00,Monday,Mon8.00.9A05,Lab,1
489,9A05,8:00:00,10:30:00,Tuesday,Tue8.00.9A05,Lab,1
490,9A05,8:00:00,10:30:00,Wednesday,Wed8.00.9A05,Lab,1
491,9A05,8:00:00,10:30:00,Thursday,Thu8.00.9A05,Lab,1
492,9A05,10:30:00,13:00:00,Saturday,Sat10.30.9A05,Lab,2
493,9A05,10:30:00,13:00:00,Sunday,Sun10.30.9A05,Lab,2
494,9A05,10:30:00,13:00:00,Monday,Mon10.30.9A05,Lab,2
495,9A05,10:30:00,13:00:00,Tuesday,Tue10.30.9A05,Lab,2
496,9A05,10:30:00,13:00:00,Wednesday,Wed10.30.9A05,Lab,2
497,9A05,10:30:00,13:00:00,Thursday,Thu10.30.9A05,Lab,2
498,9A05,13:00:00,15:30:00,Saturday,Sat1.00.9A05,Lab,3
499,9A05,13:00:00,15:30:00,Sunday,Sun1.00.9A05,Lab,3
500,9A05,13:00:00,15:30:00,Monday,Mon1.00.9A05,Lab,3
501,9A05,13:00:00,15:30:00,Tuesday,Tue1.00.9A05,Lab,3
502,9A05,13:00:00,15:30:00,Wednesday,Wed1.00.9A05,Lab,3
503,9A05,13:00:00,15:30:00,Thursday,Thu1.00.9A05,Lab,3
504,6B07,8:00:00,10:30:00,Saturday,Sat8.00.6B07,Lab,1
505,6B07,8:00:00,10:30:00,Sunday,Sun8.00.6B07,Lab,1
506,6B07,8:00:00,10:30:00,Monday,Mon8.00.6B07,Lab,1
507,6B07,8:00:00,10:30:00,Tuesday,Tue8.00.6B07,Lab,1
508,6B07,8:00:00,10:30:00,Wednesday,Wed8.00.6B07,Lab,1
509,6B07,8:00:00,10:30:00,Thursday,Thu8.00.6B07,Lab,1
510,6B07,10:30:00,13:00:00,Saturday,Sat10.30.6B07,Lab,2
511,6B07,10:30:00,13:00:00,Sunday,Sun10.30.6B07,Lab,2
512,6B07,10:30:00,13:00:00,Monday,Mon10.30.6B07,Lab,2
513,6B07,10:30:00,13:00:00,Tuesday,Tue10.30.6B07,Lab,2
514,6B07,10:30:00,13:00:00,Wednesday,Wed10.30.6B07,Lab,2
515,6B07,10:30:00,13:00:00,Thursday,Thu10.30.6B07,Lab,2
516,6B07,13:00:00,15:30:00,Saturday,Sat1.00.6B07,Lab,3
517,6B07,13:00:00,15:30:00,Sunday,Sun1.00.6B07,Lab,3
518,6B07,13:00:00,15:30:00,Monday,Mon1.00.6B07,Lab,3
519,6B07,13:00:00,15:30:00,Tuesday,Tue1.00.6B07,Lab,3
520,6B07,13:00:00,15:30:00,Wednesday,Wed1.00.6B07,Lab,3
521,6B07,13:00:00,15:30:00,Thursday,Thu1.00.6B07,Lab,3
